url,label
https://www.google.com,0
https://www.microsoft.com,0
https://www.github.com,0
https://www.wikipedia.org,0
https://www.amazon.com,0
https://www.apple.com,0
https://www.python.org,0
https://www.linkedin.com,0
https://www.mozilla.org,0
https://www.nasa.gov,0
https://www.ibm.com,0
https://www.oracle.com,0
https://www.adobe.com,0
https://www.intel.com,0
https://www.cisco.com,0
https://www.hp.com,0
https://www.dell.com,0
https://www.samsung.com,0
https://www.sony.com,0
https://www.netflix.com,0
https://www.spotify.com,0
https://www.dropbox.com,0
https://www.slack.com,0
https://www.zoom.us,0
https://www.reddit.com,0
https://www.stackoverflow.com,0
https://www.w3.org,0
https://www.who.int,0
https://www.un.org,0
https://www.ietf.org,0
https://www.cloudflare.com,0
https://www.heroku.com,0
https://www.vercel.com,0
https://www.netlify.com,0
https://www.docker.com,0
https://www.kubernetes.io,0
https://www.mysql.com,0
https://www.postgresql.org,0
https://www.djangoproject.com,0
https://flask.palletsprojects.com,0
https://nodejs.org,0
https://react.dev,0
https://angular.dev,0
https://vuejs.org,0
https://www.tensorflow.org,0
https://pytorch.org,0
https://scikit-learn.org,0
https://numpy.org,0
https://pandas.pydata.org,0
https://matplotlib.org,0
https://www.canva.com,0
https://www.notion.so,0
https://trello.com,0
https://www.atlassian.com,0
https://www.gitlab.com,0
https://bitbucket.org,0
https://www.digitalocean.com,0
https://aws.amazon.com,0
https://azure.microsoft.com,0
https://cloud.google.com,0
https://www.paypal.com,0
https://www.ebay.com,0
https://www.walmart.com,0
https://www.shopify.com,0
https://www.booking.com,0
https://www.airbnb.com,0
https://www.tripadvisor.com,0
https://www.uber.com,0
https://www.lyft.com,0
https://www.coursera.org,0
https://www.udemy.com,0
https://www.edx.org,0
https://www.khanacademy.org,0
https://www.medium.com,0
https://dev.to,0
https://hashnode.com,0
https://www.producthunt.com,0
https://techcrunch.com,0
https://www.bbc.com,0
https://www.cnn.com,0
https://www.reuters.com,0
https://www.nytimes.com,0
https://www.theguardian.com,0
https://www.washingtonpost.com,0
https://www.britannica.com,0
https://www.imdb.com,0
https://www.espn.com,0
https://www.nba.com,0
https://www.fifa.com,0
https://www.uefa.com,0
https://www.olympics.com,0
https://www.irs.gov,0
https://www.usa.gov,0
https://www.gov.uk,0
https://www.canada.ca,0
https://www.australia.gov.au,0
https://www.india.gov.in,0
https://www.rbi.org.in,0
https://www.incometax.gov.in,0
https://www.uidai.gov.in,0
https://www.irctc.co.in,0
https://www.isro.gov.in,0
http://secure-login-example.com/verify,1
http://paypal-login-example.com/account,1
http://paypal-security-example.com/login,1
http://paypal-account-verification-example.com/verify,1
http://paypal-user-login-example.com/signin,1
http://secure-paypal-account-example.com/update,1
http://microsoft-login-example.com/verify,1
http://microsoft-security-example.com/login,1
http://microsoft-account-example.com/verify,1
http://microsoft-password-example.com/reset,1
http://google-account-example.com/login,1
http://google-security-example.com/verify,1
http://google-password-example.com/update,1
http://google-login-example.com/signin,1
http://apple-id-example.com/login,1
http://apple-security-example.com/verify,1
http://apple-account-example.com/update,1
http://icloud-login-example.com/signin,1
http://amazon-account-example.com/login,1
http://amazon-security-example.com/verify,1
http://amazon-payment-example.com/update,1
http://amazon-login-example.com/signin,1
http://github-security-example.com/login,1
http://github-account-example.com/verify,1
http://github-login-example.com/signin,1
http://linkedin-security-example.com/login,1
http://linkedin-account-example.com/verify,1
http://linkedin-login-example.com/signin,1
http://bank-security-example.com/login,1
http://bank-account-example.com/verify,1
http://bank-login-example.com/signin,1
http://online-banking-example.com/update,1
http://secure-banking-example.com/verify,1
http://bank-password-example.com/reset,1
http://netbanking-security-example.com/login,1
http://account-verification-example.com/password,1
http://account-security-example.com/login,1
http://account-update-example.com/verify,1
http://account-confirm-example.com/signin,1
http://user-verification-example.com/login,1
http://user-security-example.com/verify,1
http://identity-verification-example.com/account,1
http://password-reset-example.com/login,1
http://password-confirm-example.com/verify,1
http://password-update-example.com/account,1
http://credential-verification-example.com/login,1
http://secure-payment-example.com/verify,1
http://payment-security-example.com/login,1
http://payment-confirm-example.com/account,1
http://payment-update-example.com/verify,1
http://credit-card-security-example.com/login,1
http://card-verification-example.com/account,1
http://wallet-security-example.com/login,1
http://digital-wallet-example.com/verify,1
http://free-gift-example.com/claim,1
http://free-prize-example.com/winner,1
http://claim-reward-example.com/login,1
http://reward-verification-example.com/claim,1
http://bonus-offer-example.com/account,1
http://special-offer-example.com/verify,1
http://limited-offer-example.com/claim,1
http://urgent-reward-example.com/login,1
http://your-prize-example.com/verify,1
http://winner-confirm-example.com/account,1
http://urgent-security-example.com/login,1
http://urgent-verification-example.com/verify,1
http://account-suspended-example.com/login,1
http://account-locked-example.com/verify,1
http://account-limited-example.com/update,1
http://security-alert-example.com/login,1
http://security-warning-example.com/verify,1
http://security-notice-example.com/account,1
http://important-alert-example.com/login,1
http://critical-security-example.com/verify,1
http://verify-now-example.com/login,1
http://confirm-now-example.com/account,1
http://update-now-example.com/verify,1
http://login-required-example.com/account,1
http://action-required-example.com/login,1
http://immediate-verification-example.com/verify,1
http://secure-login-example.net/account,1
http://secure-login-example.org/verify,1
http://secure-login-example.info/login,1
http://secure-login-example.biz/account,1
http://account-security-example.net/login,1
http://bank-verification-example.org/verify,1
http://payment-security-example.info/account,1
http://login-confirm-example.biz/signin,1
http://192.168.1.10/login,1
http://192.168.1.20/verify,1
http://10.0.0.5/account/login,1
http://172.16.0.10/security/verify,1
http://8.8.8.8/login/account,1
http://127.0.0.1/secure-login,1
http://192.168.10.25/password/reset,1
http://10.10.10.10/verify-account,1
http://172.20.0.5/login,1
http://192.168.100.1/security/update,1
http://secure-login-example.com@evil-example.com/login,1
http://paypal.com@evil-example.com/account,1
http://google.com@evil-example.com/login,1
http://microsoft.com@evil-example.com/verify,1
http://amazon.com@evil-example.com/account,1
http://apple.com@evil-example.com/login,1
http://bank.com@evil-example.com/verify,1
http://secure.example.com.evil-example.com/login,1
http://paypal.example.com.evil-example.com/verify,1
http://google.example.com.evil-example.com/login,1
http://microsoft.example.com.evil-example.com/account,1
http://bank.example.com.evil-example.com/verify,1
http://account.example.com.evil-example.com/login,1
http://login.example.com.evil-example.com/verify,1
http://security.example.com.evil-example.com/account,1
http://very-long-secure-login-verification-account-password-example.com/login/verify/account/password/update,1
http://secure-account-login-verification-password-example.com/update/verify/signin,1
http://bank-account-security-verification-example.com/login/password/confirm,1
http://paypal-account-security-verification-example.com/login/update/confirm,1
http://microsoft-account-security-verification-example.com/login/password/reset,1
http://google-account-security-verification-example.com/login/verify/password,1
http://apple-account-security-verification-example.com/login/verify/account,1
http://amazon-account-security-verification-example.com/login/update/password,1
http://user-account-login-security-verification-example.com/signin/verify,1
http://secure-payment-account-verification-example.com/login/update,1
http://account-login-verify-secure-example.com/signin,1
http://login-verify-account-secure-example.com/password,1
http://secure-verify-login-account-example.com/update,1
http://verification-login-security-account-example.com/signin,1
http://password-login-account-verification-example.com/reset,1
http://secure-bank-payment-verification-example.com/login,1
http://bank-login-password-security-example.com/verify,1
http://online-bank-account-verification-example.com/login,1
http://secure-online-banking-login-example.com/update,1
http://customer-account-security-example.com/verify,1
http://customer-login-verification-example.com/signin,1
http://member-account-security-example.com/login,1
http://member-verification-example.com/account,1
http://support-account-verification-example.com/login,1
http://helpdesk-security-verification-example.com/account,1
http://service-account-update-example.com/login,1
http://security-team-verification-example.com/verify,1
http://document-verification-example.com/account,1
http://invoice-payment-verification-example.com/login,1
http://refund-verification-example.com/account,1
http://tax-refund-example.com/claim,1
http://delivery-confirmation-example.com/login,1
http://package-verification-example.com/account,1
http://shipping-update-example.com/verify,1
http://subscription-payment-example.com/login,1
http://membership-verification-example.com/account,1
http://cloud-account-security-example.com/login,1
http://storage-account-verification-example.com/verify,1
http://email-account-security-example.com/login,1
http://mailbox-verification-example.com/account,1
http://social-account-security-example.com/login,1
http://social-login-verification-example.com/verify,1
http://video-account-security-example.com/login,1
http://streaming-account-verification-example.com/account,1
http://crypto-wallet-security-example.com/login,1
http://wallet-verification-example.com/account,1
http://investment-account-security-example.com/login,1
http://trading-account-verification-example.com/verify,1